\c stocksim 
INSERT INTO Users VALUES('User0', 'password', 'User0@duke.edu');
INSERT INTO Users VALUES('User1', 'password', 'User1@duke.edu');
INSERT INTO Users VALUES('User2', 'password', 'User2@duke.edu');
INSERT INTO Users VALUES('User3', 'password', 'User3@duke.edu');
INSERT INTO Users VALUES('User4', 'password', 'User4@duke.edu');
INSERT INTO Users VALUES('User5', 'password', 'User5@duke.edu');
INSERT INTO Users VALUES('User6', 'password', 'User6@duke.edu');
INSERT INTO Users VALUES('User7', 'password', 'User7@duke.edu');
INSERT INTO Users VALUES('User8', 'password', 'User8@duke.edu');
INSERT INTO Users VALUES('User9', 'password', 'User9@duke.edu');
INSERT INTO Users VALUES('User10', 'password', 'User10@duke.edu');
INSERT INTO Users VALUES('User11', 'password', 'User11@duke.edu');
INSERT INTO Users VALUES('User12', 'password', 'User12@duke.edu');
INSERT INTO Users VALUES('User13', 'password', 'User13@duke.edu');
INSERT INTO Users VALUES('User14', 'password', 'User14@duke.edu');
INSERT INTO Users VALUES('User15', 'password', 'User15@duke.edu');
INSERT INTO Users VALUES('User16', 'password', 'User16@duke.edu');
INSERT INTO Users VALUES('User17', 'password', 'User17@duke.edu');
INSERT INTO Users VALUES('User18', 'password', 'User18@duke.edu');
INSERT INTO Users VALUES('User19', 'password', 'User19@duke.edu');
INSERT INTO Users VALUES('User20', 'password', 'User20@duke.edu');
INSERT INTO Users VALUES('User21', 'password', 'User21@duke.edu');
INSERT INTO Users VALUES('User22', 'password', 'User22@duke.edu');
INSERT INTO Users VALUES('User23', 'password', 'User23@duke.edu');
INSERT INTO Users VALUES('User24', 'password', 'User24@duke.edu');
INSERT INTO Users VALUES('User25', 'password', 'User25@duke.edu');
INSERT INTO Users VALUES('User26', 'password', 'User26@duke.edu');
INSERT INTO Users VALUES('User27', 'password', 'User27@duke.edu');
INSERT INTO Users VALUES('User28', 'password', 'User28@duke.edu');
INSERT INTO Users VALUES('User29', 'password', 'User29@duke.edu');
INSERT INTO Users VALUES('User30', 'password', 'User30@duke.edu');
INSERT INTO Users VALUES('User31', 'password', 'User31@duke.edu');
INSERT INTO Users VALUES('User32', 'password', 'User32@duke.edu');
INSERT INTO Users VALUES('User33', 'password', 'User33@duke.edu');
INSERT INTO Users VALUES('User34', 'password', 'User34@duke.edu');
INSERT INTO Users VALUES('User35', 'password', 'User35@duke.edu');
INSERT INTO Users VALUES('User36', 'password', 'User36@duke.edu');
INSERT INTO Users VALUES('User37', 'password', 'User37@duke.edu');
INSERT INTO Users VALUES('User38', 'password', 'User38@duke.edu');
INSERT INTO Users VALUES('User39', 'password', 'User39@duke.edu');
INSERT INTO Users VALUES('User40', 'password', 'User40@duke.edu');
INSERT INTO Users VALUES('User41', 'password', 'User41@duke.edu');
INSERT INTO Users VALUES('User42', 'password', 'User42@duke.edu');
INSERT INTO Users VALUES('User43', 'password', 'User43@duke.edu');
INSERT INTO Users VALUES('User44', 'password', 'User44@duke.edu');
INSERT INTO Users VALUES('User45', 'password', 'User45@duke.edu');
INSERT INTO Users VALUES('User46', 'password', 'User46@duke.edu');
INSERT INTO Users VALUES('User47', 'password', 'User47@duke.edu');
INSERT INTO Users VALUES('User48', 'password', 'User48@duke.edu');
INSERT INTO Users VALUES('User49', 'password', 'User49@duke.edu');
INSERT INTO Users VALUES('User50', 'password', 'User50@duke.edu');
INSERT INTO Users VALUES('User51', 'password', 'User51@duke.edu');
INSERT INTO Users VALUES('User52', 'password', 'User52@duke.edu');
INSERT INTO Users VALUES('User53', 'password', 'User53@duke.edu');
INSERT INTO Users VALUES('User54', 'password', 'User54@duke.edu');
INSERT INTO Users VALUES('User55', 'password', 'User55@duke.edu');
INSERT INTO Users VALUES('User56', 'password', 'User56@duke.edu');
INSERT INTO Users VALUES('User57', 'password', 'User57@duke.edu');
INSERT INTO Users VALUES('User58', 'password', 'User58@duke.edu');
INSERT INTO Users VALUES('User59', 'password', 'User59@duke.edu');
INSERT INTO Users VALUES('User60', 'password', 'User60@duke.edu');
INSERT INTO Users VALUES('User61', 'password', 'User61@duke.edu');
INSERT INTO Users VALUES('User62', 'password', 'User62@duke.edu');
INSERT INTO Users VALUES('User63', 'password', 'User63@duke.edu');
INSERT INTO Users VALUES('User64', 'password', 'User64@duke.edu');
INSERT INTO Users VALUES('User65', 'password', 'User65@duke.edu');
INSERT INTO Users VALUES('User66', 'password', 'User66@duke.edu');
INSERT INTO Users VALUES('User67', 'password', 'User67@duke.edu');
INSERT INTO Users VALUES('User68', 'password', 'User68@duke.edu');
INSERT INTO Users VALUES('User69', 'password', 'User69@duke.edu');
INSERT INTO Users VALUES('User70', 'password', 'User70@duke.edu');
INSERT INTO Users VALUES('User71', 'password', 'User71@duke.edu');
INSERT INTO Users VALUES('User72', 'password', 'User72@duke.edu');
INSERT INTO Users VALUES('User73', 'password', 'User73@duke.edu');
INSERT INTO Users VALUES('User74', 'password', 'User74@duke.edu');
INSERT INTO Users VALUES('User75', 'password', 'User75@duke.edu');
INSERT INTO Users VALUES('User76', 'password', 'User76@duke.edu');
INSERT INTO Users VALUES('User77', 'password', 'User77@duke.edu');
INSERT INTO Users VALUES('User78', 'password', 'User78@duke.edu');
INSERT INTO Users VALUES('User79', 'password', 'User79@duke.edu');
INSERT INTO Users VALUES('User80', 'password', 'User80@duke.edu');
INSERT INTO Users VALUES('User81', 'password', 'User81@duke.edu');
INSERT INTO Users VALUES('User82', 'password', 'User82@duke.edu');
INSERT INTO Users VALUES('User83', 'password', 'User83@duke.edu');
INSERT INTO Users VALUES('User84', 'password', 'User84@duke.edu');
INSERT INTO Users VALUES('User85', 'password', 'User85@duke.edu');
INSERT INTO Users VALUES('User86', 'password', 'User86@duke.edu');
INSERT INTO Users VALUES('User87', 'password', 'User87@duke.edu');
INSERT INTO Users VALUES('User88', 'password', 'User88@duke.edu');
INSERT INTO Users VALUES('User89', 'password', 'User89@duke.edu');
INSERT INTO Users VALUES('User90', 'password', 'User90@duke.edu');
INSERT INTO Users VALUES('User91', 'password', 'User91@duke.edu');
INSERT INTO Users VALUES('User92', 'password', 'User92@duke.edu');
INSERT INTO Users VALUES('User93', 'password', 'User93@duke.edu');
INSERT INTO Users VALUES('User94', 'password', 'User94@duke.edu');
INSERT INTO Users VALUES('User95', 'password', 'User95@duke.edu');
INSERT INTO Users VALUES('User96', 'password', 'User96@duke.edu');
INSERT INTO Users VALUES('User97', 'password', 'User97@duke.edu');
INSERT INTO Users VALUES('User98', 'password', 'User98@duke.edu');
INSERT INTO Users VALUES('User99', 'password', 'User99@duke.edu');
INSERT INTO Portfolio VALUES('P0', 'Portfolio 0', 'User0', now(), 10000);
INSERT INTO Transaction VALUES('P0', 'GOOG', 6, 647.26, 'Buy', now());
INSERT INTO Transaction VALUES('P0', 'YHOO', 8, 17.89, 'Buy', now());
INSERT INTO Transaction VALUES('P0', 'FB', 5, 22.17, 'Buy', now());
INSERT INTO Transaction VALUES('P0', 'AAPL', 4, 525.62, 'Buy', now());
INSERT INTO Transaction VALUES('P0', 'MSFT', 16, 26.6607, 'Buy', now());
INSERT INTO Portfolio VALUES('P1', 'Portfolio 1', 'User0', now(), 10000);
INSERT INTO Transaction VALUES('P1', 'GOOG', 18, 647.26, 'Buy', now());
INSERT INTO Transaction VALUES('P1', 'YHOO', 6, 17.89, 'Buy', now());
INSERT INTO Transaction VALUES('P1', 'FB', 2, 22.17, 'Buy', now());
INSERT INTO Transaction VALUES('P1', 'AAPL', 16, 525.62, 'Buy', now());
INSERT INTO Transaction VALUES('P1', 'MSFT', 7, 26.6607, 'Buy', now());
INSERT INTO Portfolio VALUES('P2', 'Portfolio 0', 'User1', now(), 10000);
INSERT INTO Transaction VALUES('P2', 'GOOG', 11, 647.26, 'Buy', now());
INSERT INTO Transaction VALUES('P2', 'YHOO', 4, 17.89, 'Buy', now());
INSERT INTO Transaction VALUES('P2', 'FB', 3, 22.17, 'Buy', now());
INSERT INTO Transaction VALUES('P2', 'AAPL', 16, 525.62, 'Buy', now());
INSERT INTO Transaction VALUES('P2', 'MSFT', 7, 26.6607, 'Buy', now());
INSERT INTO Portfolio VALUES('P3', 'Portfolio 1', 'User1', now(), 10000);
INSERT INTO Transaction VALUES('P3', 'GOOG', 0, 647.26, 'Buy', now());
INSERT INTO Transaction VALUES('P3', 'YHOO', 14, 17.89, 'Buy', now());
INSERT INTO Transaction VALUES('P3', 'FB', 6, 22.17, 'Buy', now());
INSERT INTO Transaction VALUES('P3', 'AAPL', 9, 525.62, 'Buy', now());
INSERT INTO Transaction VALUES('P3', 'MSFT', 3, 26.6607, 'Buy', now());
INSERT INTO Portfolio VALUES('P4', 'Portfolio 2', 'User1', now(), 10000);
INSERT INTO Transaction VALUES('P4', 'GOOG', 14, 647.26, 'Buy', now());
INSERT INTO Transaction VALUES('P4', 'YHOO', 15, 17.89, 'Buy', now());
INSERT INTO Transaction VALUES('P4', 'FB', 1, 22.17, 'Buy', now());
INSERT INTO Transaction VALUES('P4', 'AAPL', 6, 525.62, 'Buy', now());
INSERT INTO Transaction VALUES('P4', 'MSFT', 9, 26.6607, 'Buy', now());
INSERT INTO Portfolio VALUES('P5', 'Portfolio 0', 'User2', now(), 10000);
INSERT INTO Transaction VALUES('P5', 'GOOG', 11, 647.26, 'Buy', now());
INSERT INTO Transaction VALUES('P5', 'YHOO', 0, 17.89, 'Buy', now());
INSERT INTO Transaction VALUES('P5', 'FB', 2, 22.17, 'Buy', now());
INSERT INTO Transaction VALUES('P5', 'AAPL', 15, 525.62, 'Buy', now());
INSERT INTO Transaction VALUES('P5', 'MSFT', 4, 26.6607, 'Buy', now());
INSERT INTO Portfolio VALUES('P6', 'Portfolio 0', 'User3', now(), 10000);
INSERT INTO Transaction VALUES('P6', 'GOOG', 14, 647.26, 'Buy', now());
INSERT INTO Transaction VALUES('P6', 'YHOO', 8, 17.89, 'Buy', now());
INSERT INTO Transaction VALUES('P6', 'FB', 10, 22.17, 'Buy', now());
INSERT INTO Transaction VALUES('P6', 'AAPL', 6, 525.62, 'Buy', now());
INSERT INTO Transaction VALUES('P6', 'MSFT', 6, 26.6607, 'Buy', now());
INSERT INTO Portfolio VALUES('P7', 'Portfolio 1', 'User3', now(), 10000);
INSERT INTO Transaction VALUES('P7', 'GOOG', 8, 647.26, 'Buy', now());
INSERT INTO Transaction VALUES('P7', 'YHOO', 0, 17.89, 'Buy', now());
INSERT INTO Transaction VALUES('P7', 'FB', 3, 22.17, 'Buy', now());
INSERT INTO Transaction VALUES('P7', 'AAPL', 1, 525.62, 'Buy', now());
INSERT INTO Transaction VALUES('P7', 'MSFT', 9, 26.6607, 'Buy', now());
INSERT INTO Portfolio VALUES('P8', 'Portfolio 2', 'User3', now(), 10000);
INSERT INTO Transaction VALUES('P8', 'GOOG', 14, 647.26, 'Buy', now());
INSERT INTO Transaction VALUES('P8', 'YHOO', 4, 17.89, 'Buy', now());
INSERT INTO Transaction VALUES('P8', 'FB', 17, 22.17, 'Buy', now());
INSERT INTO Transaction VALUES('P8', 'AAPL', 19, 525.62, 'Buy', now());
INSERT INTO Transaction VALUES('P8', 'MSFT', 19, 26.6607, 'Buy', now());
INSERT INTO Portfolio VALUES('P9', 'Portfolio 0', 'User4', now(), 10000);
INSERT INTO Transaction VALUES('P9', 'GOOG', 15, 647.26, 'Buy', now());
INSERT INTO Transaction VALUES('P9', 'YHOO', 10, 17.89, 'Buy', now());
INSERT INTO Transaction VALUES('P9', 'FB', 17, 22.17, 'Buy', now());
INSERT INTO Transaction VALUES('P9', 'AAPL', 15, 525.62, 'Buy', now());
INSERT INTO Transaction VALUES('P9', 'MSFT', 9, 26.6607, 'Buy', now());
INSERT INTO Portfolio VALUES('P10', 'Portfolio 0', 'User6', now(), 10000);
INSERT INTO Transaction VALUES('P10', 'GOOG', 6, 647.26, 'Buy', now());
INSERT INTO Transaction VALUES('P10', 'YHOO', 14, 17.89, 'Buy', now());
INSERT INTO Transaction VALUES('P10', 'FB', 2, 22.17, 'Buy', now());
INSERT INTO Transaction VALUES('P10', 'AAPL', 17, 525.62, 'Buy', now());
INSERT INTO Transaction VALUES('P10', 'MSFT', 4, 26.6607, 'Buy', now());
INSERT INTO Portfolio VALUES('P11', 'Portfolio 0', 'User7', now(), 10000);
INSERT INTO Transaction VALUES('P11', 'GOOG', 15, 647.26, 'Buy', now());
INSERT INTO Transaction VALUES('P11', 'YHOO', 17, 17.89, 'Buy', now());
INSERT INTO Transaction VALUES('P11', 'FB', 2, 22.17, 'Buy', now());
INSERT INTO Transaction VALUES('P11', 'AAPL', 7, 525.62, 'Buy', now());
INSERT INTO Transaction VALUES('P11', 'MSFT', 14, 26.6607, 'Buy', now());
INSERT INTO Portfolio VALUES('P12', 'Portfolio 0', 'User8', now(), 10000);
INSERT INTO Transaction VALUES('P12', 'GOOG', 7, 647.26, 'Buy', now());
INSERT INTO Transaction VALUES('P12', 'YHOO', 3, 17.89, 'Buy', now());
INSERT INTO Transaction VALUES('P12', 'FB', 13, 22.17, 'Buy', now());
INSERT INTO Transaction VALUES('P12', 'AAPL', 18, 525.62, 'Buy', now());
INSERT INTO Transaction VALUES('P12', 'MSFT', 1, 26.6607, 'Buy', now());
INSERT INTO Portfolio VALUES('P13', 'Portfolio 1', 'User8', now(), 10000);
INSERT INTO Transaction VALUES('P13', 'GOOG', 19, 647.26, 'Buy', now());
INSERT INTO Transaction VALUES('P13', 'YHOO', 12, 17.89, 'Buy', now());
INSERT INTO Transaction VALUES('P13', 'FB', 11, 22.17, 'Buy', now());
INSERT INTO Transaction VALUES('P13', 'AAPL', 16, 525.62, 'Buy', now());
INSERT INTO Transaction VALUES('P13', 'MSFT', 16, 26.6607, 'Buy', now());
INSERT INTO Portfolio VALUES('P14', 'Portfolio 0', 'User9', now(), 10000);
INSERT INTO Transaction VALUES('P14', 'GOOG', 2, 647.26, 'Buy', now());
INSERT INTO Transaction VALUES('P14', 'YHOO', 5, 17.89, 'Buy', now());
INSERT INTO Transaction VALUES('P14', 'FB', 13, 22.17, 'Buy', now());
INSERT INTO Transaction VALUES('P14', 'AAPL', 16, 525.62, 'Buy', now());
INSERT INTO Transaction VALUES('P14', 'MSFT', 9, 26.6607, 'Buy', now());
INSERT INTO Portfolio VALUES('P15', 'Portfolio 0', 'User11', now(), 10000);
INSERT INTO Transaction VALUES('P15', 'GOOG', 9, 647.26, 'Buy', now());
INSERT INTO Transaction VALUES('P15', 'YHOO', 11, 17.89, 'Buy', now());
INSERT INTO Transaction VALUES('P15', 'FB', 14, 22.17, 'Buy', now());
INSERT INTO Transaction VALUES('P15', 'AAPL', 2, 525.62, 'Buy', now());
INSERT INTO Transaction VALUES('P15', 'MSFT', 8, 26.6607, 'Buy', now());
INSERT INTO Portfolio VALUES('P16', 'Portfolio 0', 'User12', now(), 10000);
INSERT INTO Transaction VALUES('P16', 'GOOG', 13, 647.26, 'Buy', now());
INSERT INTO Transaction VALUES('P16', 'YHOO', 3, 17.89, 'Buy', now());
INSERT INTO Transaction VALUES('P16', 'FB', 17, 22.17, 'Buy', now());
INSERT INTO Transaction VALUES('P16', 'AAPL', 17, 525.62, 'Buy', now());
INSERT INTO Transaction VALUES('P16', 'MSFT', 3, 26.6607, 'Buy', now());
INSERT INTO Portfolio VALUES('P17', 'Portfolio 0', 'User13', now(), 10000);
INSERT INTO Transaction VALUES('P17', 'GOOG', 11, 647.26, 'Buy', now());
INSERT INTO Transaction VALUES('P17', 'YHOO', 19, 17.89, 'Buy', now());
INSERT INTO Transaction VALUES('P17', 'FB', 6, 22.17, 'Buy', now());
INSERT INTO Transaction VALUES('P17', 'AAPL', 3, 525.62, 'Buy', now());
INSERT INTO Transaction VALUES('P17', 'MSFT', 3, 26.6607, 'Buy', now());
INSERT INTO Portfolio VALUES('P18', 'Portfolio 1', 'User13', now(), 10000);
INSERT INTO Transaction VALUES('P18', 'GOOG', 0, 647.26, 'Buy', now());
INSERT INTO Transaction VALUES('P18', 'YHOO', 11, 17.89, 'Buy', now());
INSERT INTO Transaction VALUES('P18', 'FB', 17, 22.17, 'Buy', now());
INSERT INTO Transaction VALUES('P18', 'AAPL', 9, 525.62, 'Buy', now());
INSERT INTO Transaction VALUES('P18', 'MSFT', 16, 26.6607, 'Buy', now());
INSERT INTO Portfolio VALUES('P19', 'Portfolio 2', 'User13', now(), 10000);
INSERT INTO Transaction VALUES('P19', 'GOOG', 7, 647.26, 'Buy', now());
INSERT INTO Transaction VALUES('P19', 'YHOO', 4, 17.89, 'Buy', now());
INSERT INTO Transaction VALUES('P19', 'FB', 8, 22.17, 'Buy', now());
INSERT INTO Transaction VALUES('P19', 'AAPL', 18, 525.62, 'Buy', now());
INSERT INTO Transaction VALUES('P19', 'MSFT', 15, 26.6607, 'Buy', now());
INSERT INTO Portfolio VALUES('P20', 'Portfolio 0', 'User15', now(), 10000);
INSERT INTO Transaction VALUES('P20', 'GOOG', 0, 647.26, 'Buy', now());
INSERT INTO Transaction VALUES('P20', 'YHOO', 18, 17.89, 'Buy', now());
INSERT INTO Transaction VALUES('P20', 'FB', 15, 22.17, 'Buy', now());
INSERT INTO Transaction VALUES('P20', 'AAPL', 5, 525.62, 'Buy', now());
INSERT INTO Transaction VALUES('P20', 'MSFT', 16, 26.6607, 'Buy', now());
INSERT INTO Portfolio VALUES('P21', 'Portfolio 1', 'User15', now(), 10000);
INSERT INTO Transaction VALUES('P21', 'GOOG', 18, 647.26, 'Buy', now());
INSERT INTO Transaction VALUES('P21', 'YHOO', 10, 17.89, 'Buy', now());
INSERT INTO Transaction VALUES('P21', 'FB', 10, 22.17, 'Buy', now());
INSERT INTO Transaction VALUES('P21', 'AAPL', 4, 525.62, 'Buy', now());
INSERT INTO Transaction VALUES('P21', 'MSFT', 15, 26.6607, 'Buy', now());
INSERT INTO Portfolio VALUES('P22', 'Portfolio 2', 'User15', now(), 10000);
INSERT INTO Transaction VALUES('P22', 'GOOG', 16, 647.26, 'Buy', now());
INSERT INTO Transaction VALUES('P22', 'YHOO', 8, 17.89, 'Buy', now());
INSERT INTO Transaction VALUES('P22', 'FB', 13, 22.17, 'Buy', now());
INSERT INTO Transaction VALUES('P22', 'AAPL', 13, 525.62, 'Buy', now());
INSERT INTO Transaction VALUES('P22', 'MSFT', 7, 26.6607, 'Buy', now());
INSERT INTO Portfolio VALUES('P23', 'Portfolio 0', 'User17', now(), 10000);
INSERT INTO Transaction VALUES('P23', 'GOOG', 0, 647.26, 'Buy', now());
INSERT INTO Transaction VALUES('P23', 'YHOO', 18, 17.89, 'Buy', now());
INSERT INTO Transaction VALUES('P23', 'FB', 6, 22.17, 'Buy', now());
INSERT INTO Transaction VALUES('P23', 'AAPL', 4, 525.62, 'Buy', now());
INSERT INTO Transaction VALUES('P23', 'MSFT', 4, 26.6607, 'Buy', now());
INSERT INTO Portfolio VALUES('P24', 'Portfolio 1', 'User17', now(), 10000);
INSERT INTO Transaction VALUES('P24', 'GOOG', 16, 647.26, 'Buy', now());
INSERT INTO Transaction VALUES('P24', 'YHOO', 4, 17.89, 'Buy', now());
INSERT INTO Transaction VALUES('P24', 'FB', 10, 22.17, 'Buy', now());
INSERT INTO Transaction VALUES('P24', 'AAPL', 12, 525.62, 'Buy', now());
INSERT INTO Transaction VALUES('P24', 'MSFT', 2, 26.6607, 'Buy', now());
INSERT INTO Portfolio VALUES('P25', 'Portfolio 2', 'User17', now(), 10000);
INSERT INTO Transaction VALUES('P25', 'GOOG', 17, 647.26, 'Buy', now());
INSERT INTO Transaction VALUES('P25', 'YHOO', 7, 17.89, 'Buy', now());
INSERT INTO Transaction VALUES('P25', 'FB', 7, 22.17, 'Buy', now());
INSERT INTO Transaction VALUES('P25', 'AAPL', 9, 525.62, 'Buy', now());
INSERT INTO Transaction VALUES('P25', 'MSFT', 0, 26.6607, 'Buy', now());
INSERT INTO Portfolio VALUES('P26', 'Portfolio 0', 'User18', now(), 10000);
INSERT INTO Transaction VALUES('P26', 'GOOG', 13, 647.26, 'Buy', now());
INSERT INTO Transaction VALUES('P26', 'YHOO', 17, 17.89, 'Buy', now());
INSERT INTO Transaction VALUES('P26', 'FB', 3, 22.17, 'Buy', now());
INSERT INTO Transaction VALUES('P26', 'AAPL', 4, 525.62, 'Buy', now());
INSERT INTO Transaction VALUES('P26', 'MSFT', 1, 26.6607, 'Buy', now());
INSERT INTO Portfolio VALUES('P27', 'Portfolio 1', 'User18', now(), 10000);
INSERT INTO Transaction VALUES('P27', 'GOOG', 1, 647.26, 'Buy', now());
INSERT INTO Transaction VALUES('P27', 'YHOO', 7, 17.89, 'Buy', now());
INSERT INTO Transaction VALUES('P27', 'FB', 11, 22.17, 'Buy', now());
INSERT INTO Transaction VALUES('P27', 'AAPL', 4, 525.62, 'Buy', now());
INSERT INTO Transaction VALUES('P27', 'MSFT', 18, 26.6607, 'Buy', now());
INSERT INTO Portfolio VALUES('P28', 'Portfolio 2', 'User18', now(), 10000);
INSERT INTO Transaction VALUES('P28', 'GOOG', 10, 647.26, 'Buy', now());
INSERT INTO Transaction VALUES('P28', 'YHOO', 5, 17.89, 'Buy', now());
INSERT INTO Transaction VALUES('P28', 'FB', 16, 22.17, 'Buy', now());
INSERT INTO Transaction VALUES('P28', 'AAPL', 14, 525.62, 'Buy', now());
INSERT INTO Transaction VALUES('P28', 'MSFT', 18, 26.6607, 'Buy', now());
INSERT INTO Portfolio VALUES('P29', 'Portfolio 0', 'User20', now(), 10000);
INSERT INTO Transaction VALUES('P29', 'GOOG', 3, 647.26, 'Buy', now());
INSERT INTO Transaction VALUES('P29', 'YHOO', 16, 17.89, 'Buy', now());
INSERT INTO Transaction VALUES('P29', 'FB', 14, 22.17, 'Buy', now());
INSERT INTO Transaction VALUES('P29', 'AAPL', 3, 525.62, 'Buy', now());
INSERT INTO Transaction VALUES('P29', 'MSFT', 7, 26.6607, 'Buy', now());
INSERT INTO Portfolio VALUES('P30', 'Portfolio 1', 'User20', now(), 10000);
INSERT INTO Transaction VALUES('P30', 'GOOG', 0, 647.26, 'Buy', now());
INSERT INTO Transaction VALUES('P30', 'YHOO', 4, 17.89, 'Buy', now());
INSERT INTO Transaction VALUES('P30', 'FB', 18, 22.17, 'Buy', now());
INSERT INTO Transaction VALUES('P30', 'AAPL', 14, 525.62, 'Buy', now());
INSERT INTO Transaction VALUES('P30', 'MSFT', 14, 26.6607, 'Buy', now());
INSERT INTO Portfolio VALUES('P31', 'Portfolio 0', 'User21', now(), 10000);
INSERT INTO Transaction VALUES('P31', 'GOOG', 7, 647.26, 'Buy', now());
INSERT INTO Transaction VALUES('P31', 'YHOO', 14, 17.89, 'Buy', now());
INSERT INTO Transaction VALUES('P31', 'FB', 17, 22.17, 'Buy', now());
INSERT INTO Transaction VALUES('P31', 'AAPL', 17, 525.62, 'Buy', now());
INSERT INTO Transaction VALUES('P31', 'MSFT', 3, 26.6607, 'Buy', now());
INSERT INTO Portfolio VALUES('P32', 'Portfolio 1', 'User21', now(), 10000);
INSERT INTO Transaction VALUES('P32', 'GOOG', 18, 647.26, 'Buy', now());
INSERT INTO Transaction VALUES('P32', 'YHOO', 13, 17.89, 'Buy', now());
INSERT INTO Transaction VALUES('P32', 'FB', 0, 22.17, 'Buy', now());
INSERT INTO Transaction VALUES('P32', 'AAPL', 13, 525.62, 'Buy', now());
INSERT INTO Transaction VALUES('P32', 'MSFT', 14, 26.6607, 'Buy', now());
INSERT INTO Portfolio VALUES('P33', 'Portfolio 0', 'User22', now(), 10000);
INSERT INTO Transaction VALUES('P33', 'GOOG', 10, 647.26, 'Buy', now());
INSERT INTO Transaction VALUES('P33', 'YHOO', 17, 17.89, 'Buy', now());
INSERT INTO Transaction VALUES('P33', 'FB', 2, 22.17, 'Buy', now());
INSERT INTO Transaction VALUES('P33', 'AAPL', 10, 525.62, 'Buy', now());
INSERT INTO Transaction VALUES('P33', 'MSFT', 15, 26.6607, 'Buy', now());
INSERT INTO Portfolio VALUES('P34', 'Portfolio 0', 'User23', now(), 10000);
INSERT INTO Transaction VALUES('P34', 'GOOG', 0, 647.26, 'Buy', now());
INSERT INTO Transaction VALUES('P34', 'YHOO', 12, 17.89, 'Buy', now());
INSERT INTO Transaction VALUES('P34', 'FB', 17, 22.17, 'Buy', now());
INSERT INTO Transaction VALUES('P34', 'AAPL', 16, 525.62, 'Buy', now());
INSERT INTO Transaction VALUES('P34', 'MSFT', 18, 26.6607, 'Buy', now());
INSERT INTO Portfolio VALUES('P35', 'Portfolio 0', 'User24', now(), 10000);
INSERT INTO Transaction VALUES('P35', 'GOOG', 13, 647.26, 'Buy', now());
INSERT INTO Transaction VALUES('P35', 'YHOO', 4, 17.89, 'Buy', now());
INSERT INTO Transaction VALUES('P35', 'FB', 0, 22.17, 'Buy', now());
INSERT INTO Transaction VALUES('P35', 'AAPL', 7, 525.62, 'Buy', now());
INSERT INTO Transaction VALUES('P35', 'MSFT', 13, 26.6607, 'Buy', now());
INSERT INTO Portfolio VALUES('P36', 'Portfolio 1', 'User24', now(), 10000);
INSERT INTO Transaction VALUES('P36', 'GOOG', 6, 647.26, 'Buy', now());
INSERT INTO Transaction VALUES('P36', 'YHOO', 15, 17.89, 'Buy', now());
INSERT INTO Transaction VALUES('P36', 'FB', 12, 22.17, 'Buy', now());
INSERT INTO Transaction VALUES('P36', 'AAPL', 10, 525.62, 'Buy', now());
INSERT INTO Transaction VALUES('P36', 'MSFT', 19, 26.6607, 'Buy', now());
INSERT INTO Portfolio VALUES('P37', 'Portfolio 2', 'User24', now(), 10000);
INSERT INTO Transaction VALUES('P37', 'GOOG', 8, 647.26, 'Buy', now());
INSERT INTO Transaction VALUES('P37', 'YHOO', 3, 17.89, 'Buy', now());
INSERT INTO Transaction VALUES('P37', 'FB', 11, 22.17, 'Buy', now());
INSERT INTO Transaction VALUES('P37', 'AAPL', 9, 525.62, 'Buy', now());
INSERT INTO Transaction VALUES('P37', 'MSFT', 1, 26.6607, 'Buy', now());
INSERT INTO Portfolio VALUES('P38', 'Portfolio 0', 'User25', now(), 10000);
INSERT INTO Transaction VALUES('P38', 'GOOG', 8, 647.26, 'Buy', now());
INSERT INTO Transaction VALUES('P38', 'YHOO', 2, 17.89, 'Buy', now());
INSERT INTO Transaction VALUES('P38', 'FB', 11, 22.17, 'Buy', now());
INSERT INTO Transaction VALUES('P38', 'AAPL', 0, 525.62, 'Buy', now());
INSERT INTO Transaction VALUES('P38', 'MSFT', 4, 26.6607, 'Buy', now());
INSERT INTO Portfolio VALUES('P39', 'Portfolio 0', 'User27', now(), 10000);
INSERT INTO Transaction VALUES('P39', 'GOOG', 15, 647.26, 'Buy', now());
INSERT INTO Transaction VALUES('P39', 'YHOO', 9, 17.89, 'Buy', now());
INSERT INTO Transaction VALUES('P39', 'FB', 0, 22.17, 'Buy', now());
INSERT INTO Transaction VALUES('P39', 'AAPL', 1, 525.62, 'Buy', now());
INSERT INTO Transaction VALUES('P39', 'MSFT', 19, 26.6607, 'Buy', now());
INSERT INTO Portfolio VALUES('P40', 'Portfolio 0', 'User28', now(), 10000);
INSERT INTO Transaction VALUES('P40', 'GOOG', 6, 647.26, 'Buy', now());
INSERT INTO Transaction VALUES('P40', 'YHOO', 5, 17.89, 'Buy', now());
INSERT INTO Transaction VALUES('P40', 'FB', 18, 22.17, 'Buy', now());
INSERT INTO Transaction VALUES('P40', 'AAPL', 14, 525.62, 'Buy', now());
INSERT INTO Transaction VALUES('P40', 'MSFT', 5, 26.6607, 'Buy', now());
INSERT INTO Portfolio VALUES('P41', 'Portfolio 0', 'User30', now(), 10000);
INSERT INTO Transaction VALUES('P41', 'GOOG', 5, 647.26, 'Buy', now());
INSERT INTO Transaction VALUES('P41', 'YHOO', 15, 17.89, 'Buy', now());
INSERT INTO Transaction VALUES('P41', 'FB', 1, 22.17, 'Buy', now());
INSERT INTO Transaction VALUES('P41', 'AAPL', 7, 525.62, 'Buy', now());
INSERT INTO Transaction VALUES('P41', 'MSFT', 1, 26.6607, 'Buy', now());
INSERT INTO Portfolio VALUES('P42', 'Portfolio 0', 'User31', now(), 10000);
INSERT INTO Transaction VALUES('P42', 'GOOG', 8, 647.26, 'Buy', now());
INSERT INTO Transaction VALUES('P42', 'YHOO', 7, 17.89, 'Buy', now());
INSERT INTO Transaction VALUES('P42', 'FB', 14, 22.17, 'Buy', now());
INSERT INTO Transaction VALUES('P42', 'AAPL', 4, 525.62, 'Buy', now());
INSERT INTO Transaction VALUES('P42', 'MSFT', 14, 26.6607, 'Buy', now());
INSERT INTO Portfolio VALUES('P43', 'Portfolio 1', 'User31', now(), 10000);
INSERT INTO Transaction VALUES('P43', 'GOOG', 19, 647.26, 'Buy', now());
INSERT INTO Transaction VALUES('P43', 'YHOO', 19, 17.89, 'Buy', now());
INSERT INTO Transaction VALUES('P43', 'FB', 15, 22.17, 'Buy', now());
INSERT INTO Transaction VALUES('P43', 'AAPL', 3, 525.62, 'Buy', now());
INSERT INTO Transaction VALUES('P43', 'MSFT', 0, 26.6607, 'Buy', now());
INSERT INTO Portfolio VALUES('P44', 'Portfolio 2', 'User31', now(), 10000);
INSERT INTO Transaction VALUES('P44', 'GOOG', 14, 647.26, 'Buy', now());
INSERT INTO Transaction VALUES('P44', 'YHOO', 3, 17.89, 'Buy', now());
INSERT INTO Transaction VALUES('P44', 'FB', 11, 22.17, 'Buy', now());
INSERT INTO Transaction VALUES('P44', 'AAPL', 17, 525.62, 'Buy', now());
INSERT INTO Transaction VALUES('P44', 'MSFT', 18, 26.6607, 'Buy', now());
INSERT INTO Portfolio VALUES('P45', 'Portfolio 0', 'User32', now(), 10000);
INSERT INTO Transaction VALUES('P45', 'GOOG', 4, 647.26, 'Buy', now());
INSERT INTO Transaction VALUES('P45', 'YHOO', 0, 17.89, 'Buy', now());
INSERT INTO Transaction VALUES('P45', 'FB', 7, 22.17, 'Buy', now());
INSERT INTO Transaction VALUES('P45', 'AAPL', 16, 525.62, 'Buy', now());
INSERT INTO Transaction VALUES('P45', 'MSFT', 10, 26.6607, 'Buy', now());
INSERT INTO Portfolio VALUES('P46', 'Portfolio 1', 'User32', now(), 10000);
INSERT INTO Transaction VALUES('P46', 'GOOG', 15, 647.26, 'Buy', now());
INSERT INTO Transaction VALUES('P46', 'YHOO', 17, 17.89, 'Buy', now());
INSERT INTO Transaction VALUES('P46', 'FB', 6, 22.17, 'Buy', now());
INSERT INTO Transaction VALUES('P46', 'AAPL', 14, 525.62, 'Buy', now());
INSERT INTO Transaction VALUES('P46', 'MSFT', 9, 26.6607, 'Buy', now());
INSERT INTO Portfolio VALUES('P47', 'Portfolio 0', 'User33', now(), 10000);
INSERT INTO Transaction VALUES('P47', 'GOOG', 2, 647.26, 'Buy', now());
INSERT INTO Transaction VALUES('P47', 'YHOO', 17, 17.89, 'Buy', now());
INSERT INTO Transaction VALUES('P47', 'FB', 2, 22.17, 'Buy', now());
INSERT INTO Transaction VALUES('P47', 'AAPL', 17, 525.62, 'Buy', now());
INSERT INTO Transaction VALUES('P47', 'MSFT', 11, 26.6607, 'Buy', now());
INSERT INTO Portfolio VALUES('P48', 'Portfolio 0', 'User34', now(), 10000);
INSERT INTO Transaction VALUES('P48', 'GOOG', 0, 647.26, 'Buy', now());
INSERT INTO Transaction VALUES('P48', 'YHOO', 14, 17.89, 'Buy', now());
INSERT INTO Transaction VALUES('P48', 'FB', 17, 22.17, 'Buy', now());
INSERT INTO Transaction VALUES('P48', 'AAPL', 6, 525.62, 'Buy', now());
INSERT INTO Transaction VALUES('P48', 'MSFT', 8, 26.6607, 'Buy', now());
INSERT INTO Portfolio VALUES('P49', 'Portfolio 1', 'User34', now(), 10000);
INSERT INTO Transaction VALUES('P49', 'GOOG', 16, 647.26, 'Buy', now());
INSERT INTO Transaction VALUES('P49', 'YHOO', 16, 17.89, 'Buy', now());
INSERT INTO Transaction VALUES('P49', 'FB', 18, 22.17, 'Buy', now());
INSERT INTO Transaction VALUES('P49', 'AAPL', 16, 525.62, 'Buy', now());
INSERT INTO Transaction VALUES('P49', 'MSFT', 7, 26.6607, 'Buy', now());
INSERT INTO Portfolio VALUES('P50', 'Portfolio 0', 'User35', now(), 10000);
INSERT INTO Transaction VALUES('P50', 'GOOG', 18, 647.26, 'Buy', now());
INSERT INTO Transaction VALUES('P50', 'YHOO', 1, 17.89, 'Buy', now());
INSERT INTO Transaction VALUES('P50', 'FB', 2, 22.17, 'Buy', now());
INSERT INTO Transaction VALUES('P50', 'AAPL', 5, 525.62, 'Buy', now());
INSERT INTO Transaction VALUES('P50', 'MSFT', 18, 26.6607, 'Buy', now());
INSERT INTO Portfolio VALUES('P51', 'Portfolio 0', 'User36', now(), 10000);
INSERT INTO Transaction VALUES('P51', 'GOOG', 11, 647.26, 'Buy', now());
INSERT INTO Transaction VALUES('P51', 'YHOO', 13, 17.89, 'Buy', now());
INSERT INTO Transaction VALUES('P51', 'FB', 18, 22.17, 'Buy', now());
INSERT INTO Transaction VALUES('P51', 'AAPL', 17, 525.62, 'Buy', now());
INSERT INTO Transaction VALUES('P51', 'MSFT', 5, 26.6607, 'Buy', now());
INSERT INTO Portfolio VALUES('P52', 'Portfolio 1', 'User36', now(), 10000);
INSERT INTO Transaction VALUES('P52', 'GOOG', 3, 647.26, 'Buy', now());
INSERT INTO Transaction VALUES('P52', 'YHOO', 5, 17.89, 'Buy', now());
INSERT INTO Transaction VALUES('P52', 'FB', 13, 22.17, 'Buy', now());
INSERT INTO Transaction VALUES('P52', 'AAPL', 3, 525.62, 'Buy', now());
INSERT INTO Transaction VALUES('P52', 'MSFT', 10, 26.6607, 'Buy', now());
INSERT INTO Portfolio VALUES('P53', 'Portfolio 2', 'User36', now(), 10000);
INSERT INTO Transaction VALUES('P53', 'GOOG', 14, 647.26, 'Buy', now());
INSERT INTO Transaction VALUES('P53', 'YHOO', 14, 17.89, 'Buy', now());
INSERT INTO Transaction VALUES('P53', 'FB', 10, 22.17, 'Buy', now());
INSERT INTO Transaction VALUES('P53', 'AAPL', 2, 525.62, 'Buy', now());
INSERT INTO Transaction VALUES('P53', 'MSFT', 17, 26.6607, 'Buy', now());
INSERT INTO Portfolio VALUES('P54', 'Portfolio 0', 'User37', now(), 10000);
INSERT INTO Transaction VALUES('P54', 'GOOG', 13, 647.26, 'Buy', now());
INSERT INTO Transaction VALUES('P54', 'YHOO', 2, 17.89, 'Buy', now());
INSERT INTO Transaction VALUES('P54', 'FB', 6, 22.17, 'Buy', now());
INSERT INTO Transaction VALUES('P54', 'AAPL', 7, 525.62, 'Buy', now());
INSERT INTO Transaction VALUES('P54', 'MSFT', 3, 26.6607, 'Buy', now());
INSERT INTO Portfolio VALUES('P55', 'Portfolio 1', 'User37', now(), 10000);
INSERT INTO Transaction VALUES('P55', 'GOOG', 0, 647.26, 'Buy', now());
INSERT INTO Transaction VALUES('P55', 'YHOO', 8, 17.89, 'Buy', now());
INSERT INTO Transaction VALUES('P55', 'FB', 10, 22.17, 'Buy', now());
INSERT INTO Transaction VALUES('P55', 'AAPL', 8, 525.62, 'Buy', now());
INSERT INTO Transaction VALUES('P55', 'MSFT', 16, 26.6607, 'Buy', now());
INSERT INTO Portfolio VALUES('P56', 'Portfolio 0', 'User38', now(), 10000);
INSERT INTO Transaction VALUES('P56', 'GOOG', 16, 647.26, 'Buy', now());
INSERT INTO Transaction VALUES('P56', 'YHOO', 4, 17.89, 'Buy', now());
INSERT INTO Transaction VALUES('P56', 'FB', 9, 22.17, 'Buy', now());
INSERT INTO Transaction VALUES('P56', 'AAPL', 3, 525.62, 'Buy', now());
INSERT INTO Transaction VALUES('P56', 'MSFT', 9, 26.6607, 'Buy', now());
INSERT INTO Portfolio VALUES('P57', 'Portfolio 1', 'User38', now(), 10000);
INSERT INTO Transaction VALUES('P57', 'GOOG', 1, 647.26, 'Buy', now());
INSERT INTO Transaction VALUES('P57', 'YHOO', 9, 17.89, 'Buy', now());
INSERT INTO Transaction VALUES('P57', 'FB', 4, 22.17, 'Buy', now());
INSERT INTO Transaction VALUES('P57', 'AAPL', 7, 525.62, 'Buy', now());
INSERT INTO Transaction VALUES('P57', 'MSFT', 10, 26.6607, 'Buy', now());
INSERT INTO Portfolio VALUES('P58', 'Portfolio 0', 'User40', now(), 10000);
INSERT INTO Transaction VALUES('P58', 'GOOG', 11, 647.26, 'Buy', now());
INSERT INTO Transaction VALUES('P58', 'YHOO', 9, 17.89, 'Buy', now());
INSERT INTO Transaction VALUES('P58', 'FB', 17, 22.17, 'Buy', now());
INSERT INTO Transaction VALUES('P58', 'AAPL', 3, 525.62, 'Buy', now());
INSERT INTO Transaction VALUES('P58', 'MSFT', 13, 26.6607, 'Buy', now());
INSERT INTO Portfolio VALUES('P59', 'Portfolio 0', 'User42', now(), 10000);
INSERT INTO Transaction VALUES('P59', 'GOOG', 1, 647.26, 'Buy', now());
INSERT INTO Transaction VALUES('P59', 'YHOO', 11, 17.89, 'Buy', now());
INSERT INTO Transaction VALUES('P59', 'FB', 12, 22.17, 'Buy', now());
INSERT INTO Transaction VALUES('P59', 'AAPL', 16, 525.62, 'Buy', now());
INSERT INTO Transaction VALUES('P59', 'MSFT', 8, 26.6607, 'Buy', now());
INSERT INTO Portfolio VALUES('P60', 'Portfolio 1', 'User42', now(), 10000);
INSERT INTO Transaction VALUES('P60', 'GOOG', 4, 647.26, 'Buy', now());
INSERT INTO Transaction VALUES('P60', 'YHOO', 13, 17.89, 'Buy', now());
INSERT INTO Transaction VALUES('P60', 'FB', 12, 22.17, 'Buy', now());
INSERT INTO Transaction VALUES('P60', 'AAPL', 7, 525.62, 'Buy', now());
INSERT INTO Transaction VALUES('P60', 'MSFT', 13, 26.6607, 'Buy', now());
INSERT INTO Portfolio VALUES('P61', 'Portfolio 0', 'User43', now(), 10000);
INSERT INTO Transaction VALUES('P61', 'GOOG', 19, 647.26, 'Buy', now());
INSERT INTO Transaction VALUES('P61', 'YHOO', 4, 17.89, 'Buy', now());
INSERT INTO Transaction VALUES('P61', 'FB', 14, 22.17, 'Buy', now());
INSERT INTO Transaction VALUES('P61', 'AAPL', 6, 525.62, 'Buy', now());
INSERT INTO Transaction VALUES('P61', 'MSFT', 2, 26.6607, 'Buy', now());
INSERT INTO Portfolio VALUES('P62', 'Portfolio 0', 'User44', now(), 10000);
INSERT INTO Transaction VALUES('P62', 'GOOG', 4, 647.26, 'Buy', now());
INSERT INTO Transaction VALUES('P62', 'YHOO', 16, 17.89, 'Buy', now());
INSERT INTO Transaction VALUES('P62', 'FB', 3, 22.17, 'Buy', now());
INSERT INTO Transaction VALUES('P62', 'AAPL', 1, 525.62, 'Buy', now());
INSERT INTO Transaction VALUES('P62', 'MSFT', 7, 26.6607, 'Buy', now());
INSERT INTO Portfolio VALUES('P63', 'Portfolio 1', 'User44', now(), 10000);
INSERT INTO Transaction VALUES('P63', 'GOOG', 11, 647.26, 'Buy', now());
INSERT INTO Transaction VALUES('P63', 'YHOO', 7, 17.89, 'Buy', now());
INSERT INTO Transaction VALUES('P63', 'FB', 1, 22.17, 'Buy', now());
INSERT INTO Transaction VALUES('P63', 'AAPL', 12, 525.62, 'Buy', now());
INSERT INTO Transaction VALUES('P63', 'MSFT', 13, 26.6607, 'Buy', now());
INSERT INTO Portfolio VALUES('P64', 'Portfolio 0', 'User45', now(), 10000);
INSERT INTO Transaction VALUES('P64', 'GOOG', 1, 647.26, 'Buy', now());
INSERT INTO Transaction VALUES('P64', 'YHOO', 15, 17.89, 'Buy', now());
INSERT INTO Transaction VALUES('P64', 'FB', 1, 22.17, 'Buy', now());
INSERT INTO Transaction VALUES('P64', 'AAPL', 15, 525.62, 'Buy', now());
INSERT INTO Transaction VALUES('P64', 'MSFT', 19, 26.6607, 'Buy', now());
INSERT INTO Portfolio VALUES('P65', 'Portfolio 1', 'User45', now(), 10000);
INSERT INTO Transaction VALUES('P65', 'GOOG', 10, 647.26, 'Buy', now());
INSERT INTO Transaction VALUES('P65', 'YHOO', 17, 17.89, 'Buy', now());
INSERT INTO Transaction VALUES('P65', 'FB', 0, 22.17, 'Buy', now());
INSERT INTO Transaction VALUES('P65', 'AAPL', 4, 525.62, 'Buy', now());
INSERT INTO Transaction VALUES('P65', 'MSFT', 17, 26.6607, 'Buy', now());
INSERT INTO Portfolio VALUES('P66', 'Portfolio 0', 'User46', now(), 10000);
INSERT INTO Transaction VALUES('P66', 'GOOG', 8, 647.26, 'Buy', now());
INSERT INTO Transaction VALUES('P66', 'YHOO', 13, 17.89, 'Buy', now());
INSERT INTO Transaction VALUES('P66', 'FB', 3, 22.17, 'Buy', now());
INSERT INTO Transaction VALUES('P66', 'AAPL', 5, 525.62, 'Buy', now());
INSERT INTO Transaction VALUES('P66', 'MSFT', 12, 26.6607, 'Buy', now());
INSERT INTO Portfolio VALUES('P67', 'Portfolio 1', 'User46', now(), 10000);
INSERT INTO Transaction VALUES('P67', 'GOOG', 13, 647.26, 'Buy', now());
INSERT INTO Transaction VALUES('P67', 'YHOO', 18, 17.89, 'Buy', now());
INSERT INTO Transaction VALUES('P67', 'FB', 2, 22.17, 'Buy', now());
INSERT INTO Transaction VALUES('P67', 'AAPL', 8, 525.62, 'Buy', now());
INSERT INTO Transaction VALUES('P67', 'MSFT', 8, 26.6607, 'Buy', now());
INSERT INTO Portfolio VALUES('P68', 'Portfolio 0', 'User48', now(), 10000);
INSERT INTO Transaction VALUES('P68', 'GOOG', 17, 647.26, 'Buy', now());
INSERT INTO Transaction VALUES('P68', 'YHOO', 13, 17.89, 'Buy', now());
INSERT INTO Transaction VALUES('P68', 'FB', 6, 22.17, 'Buy', now());
INSERT INTO Transaction VALUES('P68', 'AAPL', 19, 525.62, 'Buy', now());
INSERT INTO Transaction VALUES('P68', 'MSFT', 15, 26.6607, 'Buy', now());
INSERT INTO Portfolio VALUES('P69', 'Portfolio 0', 'User50', now(), 10000);
INSERT INTO Transaction VALUES('P69', 'GOOG', 15, 647.26, 'Buy', now());
INSERT INTO Transaction VALUES('P69', 'YHOO', 17, 17.89, 'Buy', now());
INSERT INTO Transaction VALUES('P69', 'FB', 7, 22.17, 'Buy', now());
INSERT INTO Transaction VALUES('P69', 'AAPL', 16, 525.62, 'Buy', now());
INSERT INTO Transaction VALUES('P69', 'MSFT', 8, 26.6607, 'Buy', now());
INSERT INTO Portfolio VALUES('P70', 'Portfolio 1', 'User50', now(), 10000);
INSERT INTO Transaction VALUES('P70', 'GOOG', 2, 647.26, 'Buy', now());
INSERT INTO Transaction VALUES('P70', 'YHOO', 13, 17.89, 'Buy', now());
INSERT INTO Transaction VALUES('P70', 'FB', 1, 22.17, 'Buy', now());
INSERT INTO Transaction VALUES('P70', 'AAPL', 6, 525.62, 'Buy', now());
INSERT INTO Transaction VALUES('P70', 'MSFT', 15, 26.6607, 'Buy', now());
INSERT INTO Portfolio VALUES('P71', 'Portfolio 0', 'User51', now(), 10000);
INSERT INTO Transaction VALUES('P71', 'GOOG', 18, 647.26, 'Buy', now());
INSERT INTO Transaction VALUES('P71', 'YHOO', 9, 17.89, 'Buy', now());
INSERT INTO Transaction VALUES('P71', 'FB', 9, 22.17, 'Buy', now());
INSERT INTO Transaction VALUES('P71', 'AAPL', 19, 525.62, 'Buy', now());
INSERT INTO Transaction VALUES('P71', 'MSFT', 7, 26.6607, 'Buy', now());
INSERT INTO Portfolio VALUES('P72', 'Portfolio 1', 'User51', now(), 10000);
INSERT INTO Transaction VALUES('P72', 'GOOG', 1, 647.26, 'Buy', now());
INSERT INTO Transaction VALUES('P72', 'YHOO', 16, 17.89, 'Buy', now());
INSERT INTO Transaction VALUES('P72', 'FB', 1, 22.17, 'Buy', now());
INSERT INTO Transaction VALUES('P72', 'AAPL', 6, 525.62, 'Buy', now());
INSERT INTO Transaction VALUES('P72', 'MSFT', 18, 26.6607, 'Buy', now());
INSERT INTO Portfolio VALUES('P73', 'Portfolio 2', 'User51', now(), 10000);
INSERT INTO Transaction VALUES('P73', 'GOOG', 7, 647.26, 'Buy', now());
INSERT INTO Transaction VALUES('P73', 'YHOO', 3, 17.89, 'Buy', now());
INSERT INTO Transaction VALUES('P73', 'FB', 8, 22.17, 'Buy', now());
INSERT INTO Transaction VALUES('P73', 'AAPL', 8, 525.62, 'Buy', now());
INSERT INTO Transaction VALUES('P73', 'MSFT', 6, 26.6607, 'Buy', now());
INSERT INTO Portfolio VALUES('P74', 'Portfolio 0', 'User52', now(), 10000);
INSERT INTO Transaction VALUES('P74', 'GOOG', 2, 647.26, 'Buy', now());
INSERT INTO Transaction VALUES('P74', 'YHOO', 14, 17.89, 'Buy', now());
INSERT INTO Transaction VALUES('P74', 'FB', 3, 22.17, 'Buy', now());
INSERT INTO Transaction VALUES('P74', 'AAPL', 13, 525.62, 'Buy', now());
INSERT INTO Transaction VALUES('P74', 'MSFT', 0, 26.6607, 'Buy', now());
INSERT INTO Portfolio VALUES('P75', 'Portfolio 1', 'User52', now(), 10000);
INSERT INTO Transaction VALUES('P75', 'GOOG', 11, 647.26, 'Buy', now());
INSERT INTO Transaction VALUES('P75', 'YHOO', 6, 17.89, 'Buy', now());
INSERT INTO Transaction VALUES('P75', 'FB', 5, 22.17, 'Buy', now());
INSERT INTO Transaction VALUES('P75', 'AAPL', 11, 525.62, 'Buy', now());
INSERT INTO Transaction VALUES('P75', 'MSFT', 16, 26.6607, 'Buy', now());
INSERT INTO Portfolio VALUES('P76', 'Portfolio 0', 'User53', now(), 10000);
INSERT INTO Transaction VALUES('P76', 'GOOG', 15, 647.26, 'Buy', now());
INSERT INTO Transaction VALUES('P76', 'YHOO', 2, 17.89, 'Buy', now());
INSERT INTO Transaction VALUES('P76', 'FB', 5, 22.17, 'Buy', now());
INSERT INTO Transaction VALUES('P76', 'AAPL', 1, 525.62, 'Buy', now());
INSERT INTO Transaction VALUES('P76', 'MSFT', 5, 26.6607, 'Buy', now());
INSERT INTO Portfolio VALUES('P77', 'Portfolio 0', 'User55', now(), 10000);
INSERT INTO Transaction VALUES('P77', 'GOOG', 11, 647.26, 'Buy', now());
INSERT INTO Transaction VALUES('P77', 'YHOO', 6, 17.89, 'Buy', now());
INSERT INTO Transaction VALUES('P77', 'FB', 16, 22.17, 'Buy', now());
INSERT INTO Transaction VALUES('P77', 'AAPL', 11, 525.62, 'Buy', now());
INSERT INTO Transaction VALUES('P77', 'MSFT', 12, 26.6607, 'Buy', now());
INSERT INTO Portfolio VALUES('P78', 'Portfolio 1', 'User55', now(), 10000);
INSERT INTO Transaction VALUES('P78', 'GOOG', 5, 647.26, 'Buy', now());
INSERT INTO Transaction VALUES('P78', 'YHOO', 15, 17.89, 'Buy', now());
INSERT INTO Transaction VALUES('P78', 'FB', 10, 22.17, 'Buy', now());
INSERT INTO Transaction VALUES('P78', 'AAPL', 11, 525.62, 'Buy', now());
INSERT INTO Transaction VALUES('P78', 'MSFT', 16, 26.6607, 'Buy', now());
INSERT INTO Portfolio VALUES('P79', 'Portfolio 2', 'User55', now(), 10000);
INSERT INTO Transaction VALUES('P79', 'GOOG', 1, 647.26, 'Buy', now());
INSERT INTO Transaction VALUES('P79', 'YHOO', 6, 17.89, 'Buy', now());
INSERT INTO Transaction VALUES('P79', 'FB', 11, 22.17, 'Buy', now());
INSERT INTO Transaction VALUES('P79', 'AAPL', 3, 525.62, 'Buy', now());
INSERT INTO Transaction VALUES('P79', 'MSFT', 13, 26.6607, 'Buy', now());
INSERT INTO Portfolio VALUES('P80', 'Portfolio 0', 'User56', now(), 10000);
INSERT INTO Transaction VALUES('P80', 'GOOG', 15, 647.26, 'Buy', now());
INSERT INTO Transaction VALUES('P80', 'YHOO', 5, 17.89, 'Buy', now());
INSERT INTO Transaction VALUES('P80', 'FB', 3, 22.17, 'Buy', now());
INSERT INTO Transaction VALUES('P80', 'AAPL', 12, 525.62, 'Buy', now());
INSERT INTO Transaction VALUES('P80', 'MSFT', 10, 26.6607, 'Buy', now());
INSERT INTO Portfolio VALUES('P81', 'Portfolio 1', 'User56', now(), 10000);
INSERT INTO Transaction VALUES('P81', 'GOOG', 16, 647.26, 'Buy', now());
INSERT INTO Transaction VALUES('P81', 'YHOO', 16, 17.89, 'Buy', now());
INSERT INTO Transaction VALUES('P81', 'FB', 7, 22.17, 'Buy', now());
INSERT INTO Transaction VALUES('P81', 'AAPL', 3, 525.62, 'Buy', now());
INSERT INTO Transaction VALUES('P81', 'MSFT', 16, 26.6607, 'Buy', now());
INSERT INTO Portfolio VALUES('P82', 'Portfolio 0', 'User57', now(), 10000);
INSERT INTO Transaction VALUES('P82', 'GOOG', 4, 647.26, 'Buy', now());
INSERT INTO Transaction VALUES('P82', 'YHOO', 2, 17.89, 'Buy', now());
INSERT INTO Transaction VALUES('P82', 'FB', 17, 22.17, 'Buy', now());
INSERT INTO Transaction VALUES('P82', 'AAPL', 16, 525.62, 'Buy', now());
INSERT INTO Transaction VALUES('P82', 'MSFT', 8, 26.6607, 'Buy', now());
INSERT INTO Portfolio VALUES('P83', 'Portfolio 0', 'User58', now(), 10000);
INSERT INTO Transaction VALUES('P83', 'GOOG', 8, 647.26, 'Buy', now());
INSERT INTO Transaction VALUES('P83', 'YHOO', 13, 17.89, 'Buy', now());
INSERT INTO Transaction VALUES('P83', 'FB', 5, 22.17, 'Buy', now());
INSERT INTO Transaction VALUES('P83', 'AAPL', 6, 525.62, 'Buy', now());
INSERT INTO Transaction VALUES('P83', 'MSFT', 19, 26.6607, 'Buy', now());
INSERT INTO Portfolio VALUES('P84', 'Portfolio 0', 'User59', now(), 10000);
INSERT INTO Transaction VALUES('P84', 'GOOG', 0, 647.26, 'Buy', now());
INSERT INTO Transaction VALUES('P84', 'YHOO', 11, 17.89, 'Buy', now());
INSERT INTO Transaction VALUES('P84', 'FB', 5, 22.17, 'Buy', now());
INSERT INTO Transaction VALUES('P84', 'AAPL', 19, 525.62, 'Buy', now());
INSERT INTO Transaction VALUES('P84', 'MSFT', 4, 26.6607, 'Buy', now());
INSERT INTO Portfolio VALUES('P85', 'Portfolio 1', 'User59', now(), 10000);
INSERT INTO Transaction VALUES('P85', 'GOOG', 8, 647.26, 'Buy', now());
INSERT INTO Transaction VALUES('P85', 'YHOO', 12, 17.89, 'Buy', now());
INSERT INTO Transaction VALUES('P85', 'FB', 15, 22.17, 'Buy', now());
INSERT INTO Transaction VALUES('P85', 'AAPL', 11, 525.62, 'Buy', now());
INSERT INTO Transaction VALUES('P85', 'MSFT', 7, 26.6607, 'Buy', now());
INSERT INTO Portfolio VALUES('P86', 'Portfolio 2', 'User59', now(), 10000);
INSERT INTO Transaction VALUES('P86', 'GOOG', 6, 647.26, 'Buy', now());
INSERT INTO Transaction VALUES('P86', 'YHOO', 11, 17.89, 'Buy', now());
INSERT INTO Transaction VALUES('P86', 'FB', 19, 22.17, 'Buy', now());
INSERT INTO Transaction VALUES('P86', 'AAPL', 19, 525.62, 'Buy', now());
INSERT INTO Transaction VALUES('P86', 'MSFT', 6, 26.6607, 'Buy', now());
INSERT INTO Portfolio VALUES('P87', 'Portfolio 0', 'User62', now(), 10000);
INSERT INTO Transaction VALUES('P87', 'GOOG', 2, 647.26, 'Buy', now());
INSERT INTO Transaction VALUES('P87', 'YHOO', 14, 17.89, 'Buy', now());
INSERT INTO Transaction VALUES('P87', 'FB', 5, 22.17, 'Buy', now());
INSERT INTO Transaction VALUES('P87', 'AAPL', 16, 525.62, 'Buy', now());
INSERT INTO Transaction VALUES('P87', 'MSFT', 16, 26.6607, 'Buy', now());
INSERT INTO Portfolio VALUES('P88', 'Portfolio 1', 'User62', now(), 10000);
INSERT INTO Transaction VALUES('P88', 'GOOG', 14, 647.26, 'Buy', now());
INSERT INTO Transaction VALUES('P88', 'YHOO', 4, 17.89, 'Buy', now());
INSERT INTO Transaction VALUES('P88', 'FB', 4, 22.17, 'Buy', now());
INSERT INTO Transaction VALUES('P88', 'AAPL', 1, 525.62, 'Buy', now());
INSERT INTO Transaction VALUES('P88', 'MSFT', 2, 26.6607, 'Buy', now());
INSERT INTO Portfolio VALUES('P89', 'Portfolio 0', 'User63', now(), 10000);
INSERT INTO Transaction VALUES('P89', 'GOOG', 12, 647.26, 'Buy', now());
INSERT INTO Transaction VALUES('P89', 'YHOO', 15, 17.89, 'Buy', now());
INSERT INTO Transaction VALUES('P89', 'FB', 18, 22.17, 'Buy', now());
INSERT INTO Transaction VALUES('P89', 'AAPL', 11, 525.62, 'Buy', now());
INSERT INTO Transaction VALUES('P89', 'MSFT', 13, 26.6607, 'Buy', now());
INSERT INTO Portfolio VALUES('P90', 'Portfolio 1', 'User63', now(), 10000);
INSERT INTO Transaction VALUES('P90', 'GOOG', 6, 647.26, 'Buy', now());
INSERT INTO Transaction VALUES('P90', 'YHOO', 0, 17.89, 'Buy', now());
INSERT INTO Transaction VALUES('P90', 'FB', 9, 22.17, 'Buy', now());
INSERT INTO Transaction VALUES('P90', 'AAPL', 3, 525.62, 'Buy', now());
INSERT INTO Transaction VALUES('P90', 'MSFT', 18, 26.6607, 'Buy', now());
INSERT INTO Portfolio VALUES('P91', 'Portfolio 2', 'User63', now(), 10000);
INSERT INTO Transaction VALUES('P91', 'GOOG', 19, 647.26, 'Buy', now());
INSERT INTO Transaction VALUES('P91', 'YHOO', 10, 17.89, 'Buy', now());
INSERT INTO Transaction VALUES('P91', 'FB', 7, 22.17, 'Buy', now());
INSERT INTO Transaction VALUES('P91', 'AAPL', 2, 525.62, 'Buy', now());
INSERT INTO Transaction VALUES('P91', 'MSFT', 16, 26.6607, 'Buy', now());
INSERT INTO Portfolio VALUES('P92', 'Portfolio 0', 'User64', now(), 10000);
INSERT INTO Transaction VALUES('P92', 'GOOG', 1, 647.26, 'Buy', now());
INSERT INTO Transaction VALUES('P92', 'YHOO', 13, 17.89, 'Buy', now());
INSERT INTO Transaction VALUES('P92', 'FB', 14, 22.17, 'Buy', now());
INSERT INTO Transaction VALUES('P92', 'AAPL', 19, 525.62, 'Buy', now());
INSERT INTO Transaction VALUES('P92', 'MSFT', 17, 26.6607, 'Buy', now());
INSERT INTO Portfolio VALUES('P93', 'Portfolio 0', 'User65', now(), 10000);
INSERT INTO Transaction VALUES('P93', 'GOOG', 18, 647.26, 'Buy', now());
INSERT INTO Transaction VALUES('P93', 'YHOO', 8, 17.89, 'Buy', now());
INSERT INTO Transaction VALUES('P93', 'FB', 4, 22.17, 'Buy', now());
INSERT INTO Transaction VALUES('P93', 'AAPL', 13, 525.62, 'Buy', now());
INSERT INTO Transaction VALUES('P93', 'MSFT', 4, 26.6607, 'Buy', now());
INSERT INTO Portfolio VALUES('P94', 'Portfolio 1', 'User65', now(), 10000);
INSERT INTO Transaction VALUES('P94', 'GOOG', 15, 647.26, 'Buy', now());
INSERT INTO Transaction VALUES('P94', 'YHOO', 13, 17.89, 'Buy', now());
INSERT INTO Transaction VALUES('P94', 'FB', 8, 22.17, 'Buy', now());
INSERT INTO Transaction VALUES('P94', 'AAPL', 16, 525.62, 'Buy', now());
INSERT INTO Transaction VALUES('P94', 'MSFT', 4, 26.6607, 'Buy', now());
INSERT INTO Portfolio VALUES('P95', 'Portfolio 2', 'User65', now(), 10000);
INSERT INTO Transaction VALUES('P95', 'GOOG', 17, 647.26, 'Buy', now());
INSERT INTO Transaction VALUES('P95', 'YHOO', 2, 17.89, 'Buy', now());
INSERT INTO Transaction VALUES('P95', 'FB', 12, 22.17, 'Buy', now());
INSERT INTO Transaction VALUES('P95', 'AAPL', 11, 525.62, 'Buy', now());
INSERT INTO Transaction VALUES('P95', 'MSFT', 8, 26.6607, 'Buy', now());
INSERT INTO Portfolio VALUES('P96', 'Portfolio 0', 'User66', now(), 10000);
INSERT INTO Transaction VALUES('P96', 'GOOG', 9, 647.26, 'Buy', now());
INSERT INTO Transaction VALUES('P96', 'YHOO', 3, 17.89, 'Buy', now());
INSERT INTO Transaction VALUES('P96', 'FB', 10, 22.17, 'Buy', now());
INSERT INTO Transaction VALUES('P96', 'AAPL', 8, 525.62, 'Buy', now());
INSERT INTO Transaction VALUES('P96', 'MSFT', 18, 26.6607, 'Buy', now());
INSERT INTO Portfolio VALUES('P97', 'Portfolio 0', 'User67', now(), 10000);
INSERT INTO Transaction VALUES('P97', 'GOOG', 6, 647.26, 'Buy', now());
INSERT INTO Transaction VALUES('P97', 'YHOO', 11, 17.89, 'Buy', now());
INSERT INTO Transaction VALUES('P97', 'FB', 8, 22.17, 'Buy', now());
INSERT INTO Transaction VALUES('P97', 'AAPL', 4, 525.62, 'Buy', now());
INSERT INTO Transaction VALUES('P97', 'MSFT', 9, 26.6607, 'Buy', now());
INSERT INTO Portfolio VALUES('P98', 'Portfolio 1', 'User67', now(), 10000);
INSERT INTO Transaction VALUES('P98', 'GOOG', 5, 647.26, 'Buy', now());
INSERT INTO Transaction VALUES('P98', 'YHOO', 15, 17.89, 'Buy', now());
INSERT INTO Transaction VALUES('P98', 'FB', 4, 22.17, 'Buy', now());
INSERT INTO Transaction VALUES('P98', 'AAPL', 15, 525.62, 'Buy', now());
INSERT INTO Transaction VALUES('P98', 'MSFT', 17, 26.6607, 'Buy', now());
INSERT INTO Portfolio VALUES('P99', 'Portfolio 2', 'User67', now(), 10000);
INSERT INTO Transaction VALUES('P99', 'GOOG', 0, 647.26, 'Buy', now());
INSERT INTO Transaction VALUES('P99', 'YHOO', 0, 17.89, 'Buy', now());
INSERT INTO Transaction VALUES('P99', 'FB', 4, 22.17, 'Buy', now());
INSERT INTO Transaction VALUES('P99', 'AAPL', 1, 525.62, 'Buy', now());
INSERT INTO Transaction VALUES('P99', 'MSFT', 6, 26.6607, 'Buy', now());
INSERT INTO Portfolio VALUES('P100', 'Portfolio 0', 'User69', now(), 10000);
INSERT INTO Transaction VALUES('P100', 'GOOG', 1, 647.26, 'Buy', now());
INSERT INTO Transaction VALUES('P100', 'YHOO', 17, 17.89, 'Buy', now());
INSERT INTO Transaction VALUES('P100', 'FB', 0, 22.17, 'Buy', now());
INSERT INTO Transaction VALUES('P100', 'AAPL', 7, 525.62, 'Buy', now());
INSERT INTO Transaction VALUES('P100', 'MSFT', 12, 26.6607, 'Buy', now());
INSERT INTO Portfolio VALUES('P101', 'Portfolio 0', 'User71', now(), 10000);
INSERT INTO Transaction VALUES('P101', 'GOOG', 13, 647.26, 'Buy', now());
INSERT INTO Transaction VALUES('P101', 'YHOO', 0, 17.89, 'Buy', now());
INSERT INTO Transaction VALUES('P101', 'FB', 18, 22.17, 'Buy', now());
INSERT INTO Transaction VALUES('P101', 'AAPL', 16, 525.62, 'Buy', now());
INSERT INTO Transaction VALUES('P101', 'MSFT', 14, 26.6607, 'Buy', now());
INSERT INTO Portfolio VALUES('P102', 'Portfolio 0', 'User74', now(), 10000);
INSERT INTO Transaction VALUES('P102', 'GOOG', 6, 647.26, 'Buy', now());
INSERT INTO Transaction VALUES('P102', 'YHOO', 13, 17.89, 'Buy', now());
INSERT INTO Transaction VALUES('P102', 'FB', 2, 22.17, 'Buy', now());
INSERT INTO Transaction VALUES('P102', 'AAPL', 6, 525.62, 'Buy', now());
INSERT INTO Transaction VALUES('P102', 'MSFT', 12, 26.6607, 'Buy', now());
INSERT INTO Portfolio VALUES('P103', 'Portfolio 0', 'User76', now(), 10000);
INSERT INTO Transaction VALUES('P103', 'GOOG', 5, 647.26, 'Buy', now());
INSERT INTO Transaction VALUES('P103', 'YHOO', 11, 17.89, 'Buy', now());
INSERT INTO Transaction VALUES('P103', 'FB', 2, 22.17, 'Buy', now());
INSERT INTO Transaction VALUES('P103', 'AAPL', 10, 525.62, 'Buy', now());
INSERT INTO Transaction VALUES('P103', 'MSFT', 17, 26.6607, 'Buy', now());
INSERT INTO Portfolio VALUES('P104', 'Portfolio 0', 'User78', now(), 10000);
INSERT INTO Transaction VALUES('P104', 'GOOG', 3, 647.26, 'Buy', now());
INSERT INTO Transaction VALUES('P104', 'YHOO', 18, 17.89, 'Buy', now());
INSERT INTO Transaction VALUES('P104', 'FB', 2, 22.17, 'Buy', now());
INSERT INTO Transaction VALUES('P104', 'AAPL', 18, 525.62, 'Buy', now());
INSERT INTO Transaction VALUES('P104', 'MSFT', 15, 26.6607, 'Buy', now());
INSERT INTO Portfolio VALUES('P105', 'Portfolio 1', 'User78', now(), 10000);
INSERT INTO Transaction VALUES('P105', 'GOOG', 7, 647.26, 'Buy', now());
INSERT INTO Transaction VALUES('P105', 'YHOO', 13, 17.89, 'Buy', now());
INSERT INTO Transaction VALUES('P105', 'FB', 3, 22.17, 'Buy', now());
INSERT INTO Transaction VALUES('P105', 'AAPL', 12, 525.62, 'Buy', now());
INSERT INTO Transaction VALUES('P105', 'MSFT', 1, 26.6607, 'Buy', now());
INSERT INTO Portfolio VALUES('P106', 'Portfolio 0', 'User79', now(), 10000);
INSERT INTO Transaction VALUES('P106', 'GOOG', 0, 647.26, 'Buy', now());
INSERT INTO Transaction VALUES('P106', 'YHOO', 15, 17.89, 'Buy', now());
INSERT INTO Transaction VALUES('P106', 'FB', 12, 22.17, 'Buy', now());
INSERT INTO Transaction VALUES('P106', 'AAPL', 0, 525.62, 'Buy', now());
INSERT INTO Transaction VALUES('P106', 'MSFT', 1, 26.6607, 'Buy', now());
INSERT INTO Portfolio VALUES('P107', 'Portfolio 1', 'User79', now(), 10000);
INSERT INTO Transaction VALUES('P107', 'GOOG', 8, 647.26, 'Buy', now());
INSERT INTO Transaction VALUES('P107', 'YHOO', 14, 17.89, 'Buy', now());
INSERT INTO Transaction VALUES('P107', 'FB', 11, 22.17, 'Buy', now());
INSERT INTO Transaction VALUES('P107', 'AAPL', 19, 525.62, 'Buy', now());
INSERT INTO Transaction VALUES('P107', 'MSFT', 7, 26.6607, 'Buy', now());
INSERT INTO Portfolio VALUES('P108', 'Portfolio 2', 'User79', now(), 10000);
INSERT INTO Transaction VALUES('P108', 'GOOG', 9, 647.26, 'Buy', now());
INSERT INTO Transaction VALUES('P108', 'YHOO', 4, 17.89, 'Buy', now());
INSERT INTO Transaction VALUES('P108', 'FB', 17, 22.17, 'Buy', now());
INSERT INTO Transaction VALUES('P108', 'AAPL', 10, 525.62, 'Buy', now());
INSERT INTO Transaction VALUES('P108', 'MSFT', 11, 26.6607, 'Buy', now());
INSERT INTO Portfolio VALUES('P109', 'Portfolio 0', 'User80', now(), 10000);
INSERT INTO Transaction VALUES('P109', 'GOOG', 11, 647.26, 'Buy', now());
INSERT INTO Transaction VALUES('P109', 'YHOO', 17, 17.89, 'Buy', now());
INSERT INTO Transaction VALUES('P109', 'FB', 4, 22.17, 'Buy', now());
INSERT INTO Transaction VALUES('P109', 'AAPL', 0, 525.62, 'Buy', now());
INSERT INTO Transaction VALUES('P109', 'MSFT', 10, 26.6607, 'Buy', now());
INSERT INTO Portfolio VALUES('P110', 'Portfolio 1', 'User80', now(), 10000);
INSERT INTO Transaction VALUES('P110', 'GOOG', 6, 647.26, 'Buy', now());
INSERT INTO Transaction VALUES('P110', 'YHOO', 3, 17.89, 'Buy', now());
INSERT INTO Transaction VALUES('P110', 'FB', 18, 22.17, 'Buy', now());
INSERT INTO Transaction VALUES('P110', 'AAPL', 10, 525.62, 'Buy', now());
INSERT INTO Transaction VALUES('P110', 'MSFT', 12, 26.6607, 'Buy', now());
INSERT INTO Portfolio VALUES('P111', 'Portfolio 0', 'User81', now(), 10000);
INSERT INTO Transaction VALUES('P111', 'GOOG', 0, 647.26, 'Buy', now());
INSERT INTO Transaction VALUES('P111', 'YHOO', 11, 17.89, 'Buy', now());
INSERT INTO Transaction VALUES('P111', 'FB', 4, 22.17, 'Buy', now());
INSERT INTO Transaction VALUES('P111', 'AAPL', 0, 525.62, 'Buy', now());
INSERT INTO Transaction VALUES('P111', 'MSFT', 18, 26.6607, 'Buy', now());
INSERT INTO Portfolio VALUES('P112', 'Portfolio 1', 'User81', now(), 10000);
INSERT INTO Transaction VALUES('P112', 'GOOG', 14, 647.26, 'Buy', now());
INSERT INTO Transaction VALUES('P112', 'YHOO', 11, 17.89, 'Buy', now());
INSERT INTO Transaction VALUES('P112', 'FB', 1, 22.17, 'Buy', now());
INSERT INTO Transaction VALUES('P112', 'AAPL', 17, 525.62, 'Buy', now());
INSERT INTO Transaction VALUES('P112', 'MSFT', 4, 26.6607, 'Buy', now());
INSERT INTO Portfolio VALUES('P113', 'Portfolio 0', 'User82', now(), 10000);
INSERT INTO Transaction VALUES('P113', 'GOOG', 13, 647.26, 'Buy', now());
INSERT INTO Transaction VALUES('P113', 'YHOO', 5, 17.89, 'Buy', now());
INSERT INTO Transaction VALUES('P113', 'FB', 15, 22.17, 'Buy', now());
INSERT INTO Transaction VALUES('P113', 'AAPL', 15, 525.62, 'Buy', now());
INSERT INTO Transaction VALUES('P113', 'MSFT', 9, 26.6607, 'Buy', now());
INSERT INTO Portfolio VALUES('P114', 'Portfolio 1', 'User82', now(), 10000);
INSERT INTO Transaction VALUES('P114', 'GOOG', 6, 647.26, 'Buy', now());
INSERT INTO Transaction VALUES('P114', 'YHOO', 14, 17.89, 'Buy', now());
INSERT INTO Transaction VALUES('P114', 'FB', 17, 22.17, 'Buy', now());
INSERT INTO Transaction VALUES('P114', 'AAPL', 5, 525.62, 'Buy', now());
INSERT INTO Transaction VALUES('P114', 'MSFT', 16, 26.6607, 'Buy', now());
INSERT INTO Portfolio VALUES('P115', 'Portfolio 2', 'User82', now(), 10000);
INSERT INTO Transaction VALUES('P115', 'GOOG', 6, 647.26, 'Buy', now());
INSERT INTO Transaction VALUES('P115', 'YHOO', 18, 17.89, 'Buy', now());
INSERT INTO Transaction VALUES('P115', 'FB', 6, 22.17, 'Buy', now());
INSERT INTO Transaction VALUES('P115', 'AAPL', 11, 525.62, 'Buy', now());
INSERT INTO Transaction VALUES('P115', 'MSFT', 12, 26.6607, 'Buy', now());
INSERT INTO Portfolio VALUES('P116', 'Portfolio 0', 'User83', now(), 10000);
INSERT INTO Transaction VALUES('P116', 'GOOG', 4, 647.26, 'Buy', now());
INSERT INTO Transaction VALUES('P116', 'YHOO', 14, 17.89, 'Buy', now());
INSERT INTO Transaction VALUES('P116', 'FB', 11, 22.17, 'Buy', now());
INSERT INTO Transaction VALUES('P116', 'AAPL', 9, 525.62, 'Buy', now());
INSERT INTO Transaction VALUES('P116', 'MSFT', 13, 26.6607, 'Buy', now());
INSERT INTO Portfolio VALUES('P117', 'Portfolio 0', 'User84', now(), 10000);
INSERT INTO Transaction VALUES('P117', 'GOOG', 12, 647.26, 'Buy', now());
INSERT INTO Transaction VALUES('P117', 'YHOO', 0, 17.89, 'Buy', now());
INSERT INTO Transaction VALUES('P117', 'FB', 0, 22.17, 'Buy', now());
INSERT INTO Transaction VALUES('P117', 'AAPL', 0, 525.62, 'Buy', now());
INSERT INTO Transaction VALUES('P117', 'MSFT', 10, 26.6607, 'Buy', now());
INSERT INTO Portfolio VALUES('P118', 'Portfolio 1', 'User84', now(), 10000);
INSERT INTO Transaction VALUES('P118', 'GOOG', 17, 647.26, 'Buy', now());
INSERT INTO Transaction VALUES('P118', 'YHOO', 8, 17.89, 'Buy', now());
INSERT INTO Transaction VALUES('P118', 'FB', 13, 22.17, 'Buy', now());
INSERT INTO Transaction VALUES('P118', 'AAPL', 4, 525.62, 'Buy', now());
INSERT INTO Transaction VALUES('P118', 'MSFT', 17, 26.6607, 'Buy', now());
INSERT INTO Portfolio VALUES('P119', 'Portfolio 2', 'User84', now(), 10000);
INSERT INTO Transaction VALUES('P119', 'GOOG', 2, 647.26, 'Buy', now());
INSERT INTO Transaction VALUES('P119', 'YHOO', 13, 17.89, 'Buy', now());
INSERT INTO Transaction VALUES('P119', 'FB', 13, 22.17, 'Buy', now());
INSERT INTO Transaction VALUES('P119', 'AAPL', 16, 525.62, 'Buy', now());
INSERT INTO Transaction VALUES('P119', 'MSFT', 5, 26.6607, 'Buy', now());
INSERT INTO Portfolio VALUES('P120', 'Portfolio 0', 'User85', now(), 10000);
INSERT INTO Transaction VALUES('P120', 'GOOG', 1, 647.26, 'Buy', now());
INSERT INTO Transaction VALUES('P120', 'YHOO', 8, 17.89, 'Buy', now());
INSERT INTO Transaction VALUES('P120', 'FB', 8, 22.17, 'Buy', now());
INSERT INTO Transaction VALUES('P120', 'AAPL', 5, 525.62, 'Buy', now());
INSERT INTO Transaction VALUES('P120', 'MSFT', 8, 26.6607, 'Buy', now());
INSERT INTO Portfolio VALUES('P121', 'Portfolio 1', 'User85', now(), 10000);
INSERT INTO Transaction VALUES('P121', 'GOOG', 10, 647.26, 'Buy', now());
INSERT INTO Transaction VALUES('P121', 'YHOO', 11, 17.89, 'Buy', now());
INSERT INTO Transaction VALUES('P121', 'FB', 2, 22.17, 'Buy', now());
INSERT INTO Transaction VALUES('P121', 'AAPL', 9, 525.62, 'Buy', now());
INSERT INTO Transaction VALUES('P121', 'MSFT', 14, 26.6607, 'Buy', now());
INSERT INTO Portfolio VALUES('P122', 'Portfolio 0', 'User86', now(), 10000);
INSERT INTO Transaction VALUES('P122', 'GOOG', 14, 647.26, 'Buy', now());
INSERT INTO Transaction VALUES('P122', 'YHOO', 3, 17.89, 'Buy', now());
INSERT INTO Transaction VALUES('P122', 'FB', 4, 22.17, 'Buy', now());
INSERT INTO Transaction VALUES('P122', 'AAPL', 2, 525.62, 'Buy', now());
INSERT INTO Transaction VALUES('P122', 'MSFT', 13, 26.6607, 'Buy', now());
INSERT INTO Portfolio VALUES('P123', 'Portfolio 1', 'User86', now(), 10000);
INSERT INTO Transaction VALUES('P123', 'GOOG', 3, 647.26, 'Buy', now());
INSERT INTO Transaction VALUES('P123', 'YHOO', 12, 17.89, 'Buy', now());
INSERT INTO Transaction VALUES('P123', 'FB', 5, 22.17, 'Buy', now());
INSERT INTO Transaction VALUES('P123', 'AAPL', 2, 525.62, 'Buy', now());
INSERT INTO Transaction VALUES('P123', 'MSFT', 16, 26.6607, 'Buy', now());
INSERT INTO Portfolio VALUES('P124', 'Portfolio 0', 'User87', now(), 10000);
INSERT INTO Transaction VALUES('P124', 'GOOG', 2, 647.26, 'Buy', now());
INSERT INTO Transaction VALUES('P124', 'YHOO', 18, 17.89, 'Buy', now());
INSERT INTO Transaction VALUES('P124', 'FB', 8, 22.17, 'Buy', now());
INSERT INTO Transaction VALUES('P124', 'AAPL', 2, 525.62, 'Buy', now());
INSERT INTO Transaction VALUES('P124', 'MSFT', 1, 26.6607, 'Buy', now());
INSERT INTO Portfolio VALUES('P125', 'Portfolio 1', 'User87', now(), 10000);
INSERT INTO Transaction VALUES('P125', 'GOOG', 16, 647.26, 'Buy', now());
INSERT INTO Transaction VALUES('P125', 'YHOO', 3, 17.89, 'Buy', now());
INSERT INTO Transaction VALUES('P125', 'FB', 11, 22.17, 'Buy', now());
INSERT INTO Transaction VALUES('P125', 'AAPL', 17, 525.62, 'Buy', now());
INSERT INTO Transaction VALUES('P125', 'MSFT', 19, 26.6607, 'Buy', now());
INSERT INTO Portfolio VALUES('P126', 'Portfolio 0', 'User88', now(), 10000);
INSERT INTO Transaction VALUES('P126', 'GOOG', 14, 647.26, 'Buy', now());
INSERT INTO Transaction VALUES('P126', 'YHOO', 17, 17.89, 'Buy', now());
INSERT INTO Transaction VALUES('P126', 'FB', 6, 22.17, 'Buy', now());
INSERT INTO Transaction VALUES('P126', 'AAPL', 0, 525.62, 'Buy', now());
INSERT INTO Transaction VALUES('P126', 'MSFT', 10, 26.6607, 'Buy', now());
INSERT INTO Portfolio VALUES('P127', 'Portfolio 0', 'User89', now(), 10000);
INSERT INTO Transaction VALUES('P127', 'GOOG', 14, 647.26, 'Buy', now());
INSERT INTO Transaction VALUES('P127', 'YHOO', 18, 17.89, 'Buy', now());
INSERT INTO Transaction VALUES('P127', 'FB', 9, 22.17, 'Buy', now());
INSERT INTO Transaction VALUES('P127', 'AAPL', 6, 525.62, 'Buy', now());
INSERT INTO Transaction VALUES('P127', 'MSFT', 12, 26.6607, 'Buy', now());
INSERT INTO Portfolio VALUES('P128', 'Portfolio 0', 'User91', now(), 10000);
INSERT INTO Transaction VALUES('P128', 'GOOG', 11, 647.26, 'Buy', now());
INSERT INTO Transaction VALUES('P128', 'YHOO', 16, 17.89, 'Buy', now());
INSERT INTO Transaction VALUES('P128', 'FB', 5, 22.17, 'Buy', now());
INSERT INTO Transaction VALUES('P128', 'AAPL', 12, 525.62, 'Buy', now());
INSERT INTO Transaction VALUES('P128', 'MSFT', 12, 26.6607, 'Buy', now());
INSERT INTO Portfolio VALUES('P129', 'Portfolio 1', 'User91', now(), 10000);
INSERT INTO Transaction VALUES('P129', 'GOOG', 18, 647.26, 'Buy', now());
INSERT INTO Transaction VALUES('P129', 'YHOO', 15, 17.89, 'Buy', now());
INSERT INTO Transaction VALUES('P129', 'FB', 14, 22.17, 'Buy', now());
INSERT INTO Transaction VALUES('P129', 'AAPL', 4, 525.62, 'Buy', now());
INSERT INTO Transaction VALUES('P129', 'MSFT', 4, 26.6607, 'Buy', now());
INSERT INTO Portfolio VALUES('P130', 'Portfolio 2', 'User91', now(), 10000);
INSERT INTO Transaction VALUES('P130', 'GOOG', 17, 647.26, 'Buy', now());
INSERT INTO Transaction VALUES('P130', 'YHOO', 2, 17.89, 'Buy', now());
INSERT INTO Transaction VALUES('P130', 'FB', 1, 22.17, 'Buy', now());
INSERT INTO Transaction VALUES('P130', 'AAPL', 2, 525.62, 'Buy', now());
INSERT INTO Transaction VALUES('P130', 'MSFT', 8, 26.6607, 'Buy', now());
INSERT INTO Portfolio VALUES('P131', 'Portfolio 0', 'User93', now(), 10000);
INSERT INTO Transaction VALUES('P131', 'GOOG', 18, 647.26, 'Buy', now());
INSERT INTO Transaction VALUES('P131', 'YHOO', 2, 17.89, 'Buy', now());
INSERT INTO Transaction VALUES('P131', 'FB', 13, 22.17, 'Buy', now());
INSERT INTO Transaction VALUES('P131', 'AAPL', 5, 525.62, 'Buy', now());
INSERT INTO Transaction VALUES('P131', 'MSFT', 4, 26.6607, 'Buy', now());
INSERT INTO Portfolio VALUES('P132', 'Portfolio 0', 'User94', now(), 10000);
INSERT INTO Transaction VALUES('P132', 'GOOG', 6, 647.26, 'Buy', now());
INSERT INTO Transaction VALUES('P132', 'YHOO', 7, 17.89, 'Buy', now());
INSERT INTO Transaction VALUES('P132', 'FB', 6, 22.17, 'Buy', now());
INSERT INTO Transaction VALUES('P132', 'AAPL', 0, 525.62, 'Buy', now());
INSERT INTO Transaction VALUES('P132', 'MSFT', 6, 26.6607, 'Buy', now());
INSERT INTO Portfolio VALUES('P133', 'Portfolio 1', 'User94', now(), 10000);
INSERT INTO Transaction VALUES('P133', 'GOOG', 8, 647.26, 'Buy', now());
INSERT INTO Transaction VALUES('P133', 'YHOO', 3, 17.89, 'Buy', now());
INSERT INTO Transaction VALUES('P133', 'FB', 19, 22.17, 'Buy', now());
INSERT INTO Transaction VALUES('P133', 'AAPL', 10, 525.62, 'Buy', now());
INSERT INTO Transaction VALUES('P133', 'MSFT', 0, 26.6607, 'Buy', now());
INSERT INTO Portfolio VALUES('P134', 'Portfolio 2', 'User94', now(), 10000);
INSERT INTO Transaction VALUES('P134', 'GOOG', 18, 647.26, 'Buy', now());
INSERT INTO Transaction VALUES('P134', 'YHOO', 11, 17.89, 'Buy', now());
INSERT INTO Transaction VALUES('P134', 'FB', 5, 22.17, 'Buy', now());
INSERT INTO Transaction VALUES('P134', 'AAPL', 12, 525.62, 'Buy', now());
INSERT INTO Transaction VALUES('P134', 'MSFT', 17, 26.6607, 'Buy', now());
INSERT INTO Portfolio VALUES('P135', 'Portfolio 0', 'User95', now(), 10000);
INSERT INTO Transaction VALUES('P135', 'GOOG', 19, 647.26, 'Buy', now());
INSERT INTO Transaction VALUES('P135', 'YHOO', 16, 17.89, 'Buy', now());
INSERT INTO Transaction VALUES('P135', 'FB', 15, 22.17, 'Buy', now());
INSERT INTO Transaction VALUES('P135', 'AAPL', 3, 525.62, 'Buy', now());
INSERT INTO Transaction VALUES('P135', 'MSFT', 5, 26.6607, 'Buy', now());
INSERT INTO Portfolio VALUES('P136', 'Portfolio 1', 'User95', now(), 10000);
INSERT INTO Transaction VALUES('P136', 'GOOG', 8, 647.26, 'Buy', now());
INSERT INTO Transaction VALUES('P136', 'YHOO', 18, 17.89, 'Buy', now());
INSERT INTO Transaction VALUES('P136', 'FB', 9, 22.17, 'Buy', now());
INSERT INTO Transaction VALUES('P136', 'AAPL', 3, 525.62, 'Buy', now());
INSERT INTO Transaction VALUES('P136', 'MSFT', 8, 26.6607, 'Buy', now());
INSERT INTO Portfolio VALUES('P137', 'Portfolio 0', 'User96', now(), 10000);
INSERT INTO Transaction VALUES('P137', 'GOOG', 8, 647.26, 'Buy', now());
INSERT INTO Transaction VALUES('P137', 'YHOO', 3, 17.89, 'Buy', now());
INSERT INTO Transaction VALUES('P137', 'FB', 16, 22.17, 'Buy', now());
INSERT INTO Transaction VALUES('P137', 'AAPL', 13, 525.62, 'Buy', now());
INSERT INTO Transaction VALUES('P137', 'MSFT', 9, 26.6607, 'Buy', now());
INSERT INTO Portfolio VALUES('P138', 'Portfolio 1', 'User96', now(), 10000);
INSERT INTO Transaction VALUES('P138', 'GOOG', 12, 647.26, 'Buy', now());
INSERT INTO Transaction VALUES('P138', 'YHOO', 17, 17.89, 'Buy', now());
INSERT INTO Transaction VALUES('P138', 'FB', 1, 22.17, 'Buy', now());
INSERT INTO Transaction VALUES('P138', 'AAPL', 5, 525.62, 'Buy', now());
INSERT INTO Transaction VALUES('P138', 'MSFT', 14, 26.6607, 'Buy', now());
INSERT INTO Portfolio VALUES('P139', 'Portfolio 2', 'User96', now(), 10000);
INSERT INTO Transaction VALUES('P139', 'GOOG', 17, 647.26, 'Buy', now());
INSERT INTO Transaction VALUES('P139', 'YHOO', 19, 17.89, 'Buy', now());
INSERT INTO Transaction VALUES('P139', 'FB', 1, 22.17, 'Buy', now());
INSERT INTO Transaction VALUES('P139', 'AAPL', 0, 525.62, 'Buy', now());
INSERT INTO Transaction VALUES('P139', 'MSFT', 5, 26.6607, 'Buy', now());
INSERT INTO Portfolio VALUES('P140', 'Portfolio 0', 'User99', now(), 10000);
INSERT INTO Transaction VALUES('P140', 'GOOG', 17, 647.26, 'Buy', now());
INSERT INTO Transaction VALUES('P140', 'YHOO', 13, 17.89, 'Buy', now());
INSERT INTO Transaction VALUES('P140', 'FB', 13, 22.17, 'Buy', now());
INSERT INTO Transaction VALUES('P140', 'AAPL', 16, 525.62, 'Buy', now());
INSERT INTO Transaction VALUES('P140', 'MSFT', 10, 26.6607, 'Buy', now());
INSERT INTO Portfolio VALUES('P141', 'Portfolio 1', 'User99', now(), 10000);
INSERT INTO Transaction VALUES('P141', 'GOOG', 9, 647.26, 'Buy', now());
INSERT INTO Transaction VALUES('P141', 'YHOO', 10, 17.89, 'Buy', now());
INSERT INTO Transaction VALUES('P141', 'FB', 7, 22.17, 'Buy', now());
INSERT INTO Transaction VALUES('P141', 'AAPL', 7, 525.62, 'Buy', now());
INSERT INTO Transaction VALUES('P141', 'MSFT', 15, 26.6607, 'Buy', now());
